fault_name,X,Y,Z
Fault,319.2156869,-4597.062698,0
Fault,830.4540308,-4109.062461,0
Fault,1450.136872,-3462.268495,0
Fault,2116.295926,-2811.601512,0
Fault,2627.53427,-2277.125062,0
Fault,3169.756756,-1746.521629,0
Fault,3390.518768,-1529.632635,0
Fault,3615.871024,-1302.702483,0
Fault,4249.324595,-724.3318314,0
