fault_name,X,Y,Z,dipDir,dip
Fault,2299.718922,-2667.655582,0,135,75
Fault,562.8676949,-4313.150209,0,135,65
